Subject,Age
bc399bb64bd2eaf6d4253e0651e24aa34a5169c3,32
2f88b89799a0e4447d7ec3165185bfbf0ed16172,32
6a9a6ede510b444ab4eb8b8c4653b0285f639c65,57
73434527309bfd1925a89296bb4d699126ff5254,57
4fb428d45f57e7333d2406b3b3edbc10a20b3792,55
c2527dd9dbafe47d10a1ba37a8cef64e8e599d61,55
e158c6bd2cf8dc679f19d18cb66dc6b9f4bc210c,55
5bb73b491425b1bd518198d62a15199220955cbf,55
1bb2a22bc9e8a54583c32b6b7c388d477bad1e78,55
7796f6bfd9f7355b93f9487f2df6c726c00c921c,50
2bb73eb54f1a3449ef957e2b3a4733bbed502f02,50
29940afba7ecbd8a79a8e49ce1da962a2690a1c7,50
ef32efa4a4cb4ba4e69e1019af4fd96e7e0b16e3,50
578147743429698bdc2da29541eae36de6796a9b,50
1a79e32f6b96dfb42937e0d11ee4ce7cb96388c4,47
c48aed61ea9db067a16ef2a2885eb930fd3a23f5,47
117a6846addd5c7daf9a0da5eed1403f68524363,47
c39c653652b7efd6e2c187ccf2a127df0ef8b62d,47
e9ad08daf5143f493b9abe3f8470979c3f8bf488,47
bd5ac1040d811aee711610ce6bd3ee88cdd9e527,70
cadb11e8f5c14a44d3b62713d3a4fe4c6df624f8,70
35c44a93b0d8fbb00c5155f503de799e15e67f10,70
b02656a8a82554340a9c0446a098ea5db97adac8,70
19a6317c8d3e27cda47a9a22a5f49635170f89bd,70
09fb8cb6bd7428d21c12afe4cfd38d097e84b3ce,22
2ec6e5d1fc031bdbbe0682ce63419f60e708ffc7,22
39ad80d9c32e4d0a887db50b6af35ffb04e931f7,22
7457156bdafb55597225390d6ecbcdfe6c45404a,22
2ec9ad3d54c3af62d75a20628281c74957f0fdd1,22
14b29a9003a96a5398f93166554c58dbd601429c,47
f136e1d0034c4f31247395665b5c39385083f36a,47
d2c6eac319797562eadcb5b51462b22e53aa4a13,47
bb9ca17e263bd6b86f1f6437ef8779e6d053a969,47
9d0e385077b58e5fb89b1bdc4512ce2b60c4caaa,47
017421af04cabaa29b2a378020815af29b97ad61,44
3b59df6dcb494abeea1a98be06ca22d4c01a699a,44
06caf19620bb79a841ea4694394389904ea0862b,44
19ae82eb60cc2cd0bcf47be05fe8a05568d43378,44
7d58830f28fe9a22bdfef37dd983cd7bb9bd3eec,44
f8ed23ddfd55e3746e341a827e596daa41534d78,66
7a2f8cac47013a6c136808d992b29c324cfef6c7,66
e43605dc16798c6b4cb47de8574234065b2b5912,66
09930f008e0f3ab46beff8be3369e6761ea6ef2e,66
2eade86ba8a887b2be103eabfb4ec9911896a50b,66
e3a595d750656ff79a848cc5e78b57f21bee128f,35
b51a47f66ba624a32f180c2ecf8474f7fada27f0,35
f02f22ca9615a659c04b363dca153d31b3195eb8,35
22a46bc62cbd16b3fcbba38c46351984a451ecd6,35
6e99f0d604fcf51c690fec07b2a596fa016a4743,44
6f807f98c0154a44f362cd3528ac6d5e81ab0772,44
db60bcfb3249e9d2f69cd238ffb67286b164a266,44
51a3f7716fd5deba63b1069468042faeab053819,44
2ce37e60590179f09a80bbe8c137ddad56b768d4,44
249a7eee83615fbf803e591217620bd7cbdc7974,51
54b4b563c1f08b09384e4fc08fb10906d2d61606,51
08f35c7ec3f0b4bc8f2fca6d0a1dca8a48e133b2,51
4bad37817e4772e7bf9ec7e6f6c45a914f7f8bc5,51
c82a831b4125c67ab5dcb04d102a54975a8c71b1,51
552f5a020f8743e9b585db65aaf0bf08492cada1,74
72987fbbd9a10809842f1044e8f5527ece2db6b8,74
0e405266dc54284eca38ef2b5e55a2d267ea3fec,74
ec921144fad8c3246887bf4aa90a91a404726033,74
414274adff4ce892b7a0318d13b6cc45249d6565,74
0ef128177a5240ecb38276f2258e2a89bd1aa7ae,58
fecb44d6395d383fafb125db9856157a7a39e3ee,58
3cc1f3490a21832a2328df92d26a5cf2a3870e20,58
7e13d579e5236db1919b856127311d1ad91a321e,58
39e469916f472be2fee06173cf10573a32fb6818,58
1ce5ec12bd4e1e89f19e726c7616c74fbaafcfaa,33
ec025d41df16cb507a71bddbb60630c5d51fe6ff,33
1193ec896c7596a3d34b1d36f298bf3a32ee7b35,33
b723f2ccc8cb38f40c28d0904fa92586920ef1c9,33
a0cf3438327ff4b4aee9c27f5e596fb622b9319d,33
e80bc43dd1c704f1fae13d60d000c868d522f3c4,61
116cef4cbe684de38734ed9639bbaa2a69029d09,61
7e7dd0221a9df502e72b989cbb81aafd47e23dd0,61
fb0f8b18439a996c2468261f512ded0de9a8f214,61
6bb9421ba41f1b672da705f674aa24744665438b,61
0866a0386630cc6c3528d576445a217bd806b05b,41
520a8859d3f1fb29c1f9226a9501d96b4806f763,41
7845297eea65d8f0e26eb9762f616a7501d39754,41
581d4af046fc74c94f731217a326a5ff597eb2d8,41
48761469d125e4c69dcab374b903b3cdbe9bd559,41
3be40e21807acc02d3f9349c3f29c7271ba8a10a,41
ecad19dc524a3715a1f1ea172739b58b24495616,50
9b191df5c7930c3d8503607d96e82c3606fddbda,50
21298bae1ce29c3b40fc02fac5888749b5cb656a,50
bed2ef07c57ce27b44074d1a40949595e61a18f6,50
c6b3d6e31179519ea310b3d2149e58650045c954,50
6450f4f26ef2a333f0cf05d05e7cb818659e491a,55
d002b38acc33749bd4b035890cafded72a8f39c4,55
3f65fcf2364046a93c392e9c71912fd4dd8108cd,55
2adafd690695c555fa8dc08caba076ac8fe74c69,55
c1c49e5f98dd6d2ab0c111f4cd5129ff7e67f342,55
be09995db9f0b86aa3f6aa86bba468f0ec9b9820,60
47ce9ccd461d63aa3a16e5a570a98ac0d8865246,60
d1e4c413c97b288fde955a33e1a4cbbec45b3f73,60
b5b93e8707c3a780ccff66c1c5de9063fab8b772,60
1c42ac1c469ba2d41b0dbb0a2f3b8fcba8f08a1a,60
409a53cacf94d17fdaf321e7935403f2403b026e,61
f111dc09159798691d65416bfda2a15f9014780a,61
0b7d80c20faac704b8e89e3cedafd518fdab4e7b,61
355f35f1f629c93f3b2c16ec6526e6721524491e,61
dbc1621184b587ba38ebc80556d5de02dcba7d22,61
961fd3e15fceee460d4e50ecd045c089ed450b2f,44
b4c6a99881e12297238ea4cf340f0d89423da687,44
009a80787d6ffe4c12799299444e66154eb5ccf0,44
bdb5f9671d5a9af48455f72097ab2b299c128ed1,44
730c910e8a3db5063fcd499acaeb4ed1b03ee058,62
d1db825204dd3902580bfd7fce007a49073b8a3f,62
d2dc3b5c2f836596fdae5f9217d316bbc723256c,62
73b57660f66b1a80ad319da22c1c055a4a4b4420,62
b82765cfd2b8d861db48450d575d4f9dc278fb49,62
50836e7e473792499f10f323256037cc1c7b7e7b,32
5c3d9756cebb5e8eb72cc09dc28d65e2d63b70fa,32
cf2c58d2f623f67fdb48a4c34d72e8072a4a0c32,32
3cc285e5bde710e66be9619a9ed3b830de7554b7,32
00f7216aa810d8cb76cf26f77c0dabfc40f490aa,60
5ed9573cb113250188099ccdfd4f9acacb0f1097,60
080ed58152d14c21ada0d5aeb28cba5e1fcead45,60
61e5ea2409ae4a7fd3fd2298365ca7d3534170e9,60
0042dcec2863faa2f520dbd772e22f7822885358,60
7d1b8d03f4d7041773e8e31f7b10cb543b5d8da2,43
552e9d99be15f5e77cd331a7bc8310ad7f303ba7,43
080b8b9187b01fc85442b8548dec0cd2c95b07f1,43
e0c0bcfe0aac5559fe512d37221e402b2c89fcf2,43
b0f5a3e1ff40b80e370121d025f02c2c3d3244ea,43
2476d984eaa72c173c0f4d3ee5620219d416e5eb,59
32897fed2a802bd500a8aff52444b9360eb17404,59
3317cf5414ba1c17760449b012f0b0987a7b698c,59
c6418fd4969ae5df2567cc48de200c75fb01e29c,59
279093c634511fb682c6892fcc1f82672d2b1bb3,59
02e1e8c94796d85fdd36dcdec22819538856d31c,33
261df12b19f017c17e6c3e2d963c2bf02c1e7684,33
bdc4844d9bcb0cf2468a92fbdc808afc9fde8e07,33
250522715bde213eee1b189c9cca5d4cf95d7408,33
66ae59688d3b463bd31240a825eb7808f6035089,33
9ffc8ace2b6c8372ae358170f3d52fc0413dd5e9,59
97ad738461e77ce11a9ef6f541d6cf151f60624b,59
75aea0368e34a231b67355d90e06082e27db03e6,59
fd45e81cc9cdd95a8f2307d349a913e10535c423,59
8d635811ebe0bc43318a919e437e14a0b2138675,59
e82f4d331339cd4582d73a4a98585cc26c1e048f,60
ffdf943c4d8a45bd95cbe70f10e5bf3afbd02bef,60
b64c25cc31d0d011d1f53e4a859b20bee4807cd7,60
f7bbef6a2eebd01307e530ed16f0fadb42d6a1ef,60
2bb4001116eb46cb05603d2db12b99575471842b,60
e15a8f312a7a1b4573e6bc0c3d5d202cc9087042,56
1f6d405173e5be38428cf1dbc1683fa0db4e2e41,56
0365fbabcf2017401e6fe4aea55f7fd1287f87ea,56
bb10c25bd15fe93abb8192781231207161f9ac83,56
c52a583143896160368b7f1c80d592e350e6ed45,56
410203c77335a1843563677249818c536eb5bbb8,51
fd097acc6789d904d394c0641caea0e2fbc66ed9,51
583f13131ab8ed3cbe510aee1717533501c74b18,51
a7a417e993c164d207b418ee500994a52dea757f,51
b6f96fc12d713f7d91c1b662abaa81da67c6290a,51
